{
    "loss": 0.2779471278190613,
    "accuracy": 0.8879310488700867
}