{
    "loss": 0.19000549614429474,
    "accuracy": 0.9396551847457886
}